lr-AdamW,step,train_loss,train_acc,epoch,val_loss,val_acc
0.0001,0,,,,,
,49,3.5400106969874052,0.0859375,0,,
,99,2.9150383413379664,0.1875,0,,
,149,2.5587879106061373,0.2265625,0,,
,199,2.357387826985398,0.2890625,0,,
,249,2.4053679049537746,0.328125,0,,
,299,2.118724496124994,0.390625,0,,
,349,2.053762469146695,0.34375,0,,
,399,1.863934035570487,0.453125,0,,
,449,1.8100149031477288,0.40625,0,,
,499,1.943835722721803,0.4375,0,,
,549,1.6551359928068223,0.484375,0,,
,599,1.847047483513389,0.421875,0,,
,649,1.5502970289290119,0.515625,0,,
,699,1.6502035305348777,0.4921875,0,,
,749,1.5210982321515487,0.578125,0,,
,799,1.6545484444307876,0.484375,0,,
,849,1.6535718095506626,0.4921875,0,,
,899,1.380652605285272,0.59375,0,,
,949,1.3994709267862726,0.546875,0,,
,999,1.3594997463241711,0.609375,0,,
,1049,1.3978682898798194,0.5625,0,,
,1099,1.4411905942478973,0.5078125,0,,
,1149,1.2256497077605581,0.6328125,0,,
,1199,1.3448260580002003,0.546875,0,,
,1249,1.3311846826815157,0.5390625,0,,
,1299,1.1662608439755624,0.65625,0,,
,1349,1.0933896286100335,0.640625,0,,
,1399,1.4401178593226576,0.578125,0,,
,1449,1.2418653744841504,0.625,0,,
,1499,1.2006499307154008,0.6328125,0,,
,1549,1.3041606224282656,0.640625,0,,
,1599,1.3341441509340746,0.625,0,,
,1649,1.312469463549166,0.6015625,0,,
,1699,1.2591624904017826,0.6328125,0,,
,1749,1.1586770372093453,0.5859375,0,,
,1799,1.1765195597891398,0.671875,0,,
,1849,1.196527623173281,0.609375,0,,
,1899,1.2902819235606195,0.6015625,0,,
,1949,1.4457963189013536,0.5390625,0,,
,1999,1.3843843158650095,0.546875,0,,
,2049,1.5617950936707792,0.484375,0,,
,2099,1.2950409899541935,0.5390625,0,,
,2149,1.2436346876391131,0.578125,0,,
,2199,1.240525020602245,0.5703125,0,,
,2249,1.0814512376303986,0.6875,0,,
,2299,1.1660608799133083,0.6328125,0,,
,2349,1.27662901926618,0.6015625,0,,
,2399,1.047109953386742,0.640625,0,,
,2449,1.0132193778280816,0.65625,0,,
,2499,1.2425347053624378,0.6171875,0,,
,2549,1.348342367769226,0.5234375,0,,
,2599,1.4133988143430174,0.609375,0,,
,2649,1.1561765939452506,0.6171875,0,,
,2699,1.0997240742010272,0.6640625,0,,
,2749,1.0325663890653634,0.671875,0,,
,2799,1.3197922917670464,0.59375,0,,
,2849,1.0790846259175408,0.671875,0,,
,2899,1.0924018099579014,0.640625,0,,
,2949,1.1202784883230443,0.6640625,0,,
,2999,1.103510474672468,0.6171875,0,,
,3049,1.0453734475462897,0.65625,0,,
,3099,1.038905827778626,0.65625,0,,
,3149,1.107210786334838,0.6328125,0,,
,3199,1.2725138776215301,0.625,0,,
,3249,1.1730119862511093,0.640625,0,,
,3299,0.9318803527231937,0.671875,0,,
,3349,1.3994915450508718,0.546875,0,,
,3399,1.0735431088987917,0.6484375,0,,
,3449,1.0828916087345117,0.6328125,0,,
,3499,1.153860848886803,0.625,0,,
,3549,1.0062510987381175,0.65625,0,,
,3599,0.9774960175574641,0.6796875,0,,
,3649,0.939080446252978,0.6953125,0,,
,3699,0.9642871521139703,0.6875,0,,
,3749,1.0642783005851268,0.6484375,0,,
,3799,1.1664586968740143,0.703125,0,,
,3849,0.9540559405597128,0.671875,0,,
,3899,1.1024406409600442,0.65625,0,,
,3949,1.1603696478797731,0.5859375,0,,
,3999,1.2836772498186655,0.6328125,0,,
,4049,1.050303269450492,0.671875,0,,
,4099,1.1310977150648247,0.609375,0,,
,4149,0.9964725982409031,0.6875,0,,
,4199,1.0510842392882347,0.6796875,0,,
,4249,0.9751151553908619,0.671875,0,,
,4299,0.8508208075196623,0.6953125,0,,
,4349,0.9464819969194527,0.7421875,0,,
,4399,1.0953738496149,0.6953125,0,,
,4449,0.8193591134691923,0.6875,0,,
,4499,0.9764338681129914,0.6953125,0,,
,4549,0.8694033867488652,0.71875,0,,
,4599,1.0076131671689672,0.6484375,0,,
,4649,0.7730402564065914,0.7421875,0,,
,4699,0.8830885095011196,0.6796875,0,,
,4749,1.1412380852123865,0.6484375,0,,
,4799,1.0314331703493318,0.6875,0,,
,4849,1.290618477448488,0.5625,0,,
,4899,0.972248024225309,0.6953125,0,,
,4949,0.9854652300378258,0.6328125,0,,
,4999,0.9989200925216607,0.6875,0,,
,5049,0.9321898986187088,0.7265625,0,,
,5099,0.8183413689413507,0.7265625,0,,
,5149,1.015767803762006,0.7109375,0,,
,5199,0.8876270199044292,0.6796875,0,,
,5249,0.938710951308392,0.6875,0,,
,5299,0.8874575442381882,0.703125,0,,
,5349,1.0142440186124828,0.71875,0,,
,5399,1.074947513143396,0.6171875,0,,
,5449,1.1530333396444044,0.59375,0,,
,5499,1.0315118929648277,0.7109375,0,,
,5531,,,0,0.836905329287501,0.731666930285895
0.0001,5532,,,,,
,5549,0.827790821714426,0.7421875,1,,
,5599,1.0004155155842542,0.6484375,1,,
,5649,0.8721825027357373,0.6953125,1,,
,5699,0.8595570272518673,0.75,1,,
,5749,0.8697238024928535,0.7421875,1,,
,5799,1.0917925637688424,0.6953125,1,,
,5849,0.8995714005011026,0.71875,1,,
,5899,0.896498193589689,0.7109375,1,,
,5949,1.001052557271057,0.6484375,1,,
,5999,0.872671969127495,0.7265625,1,,
,6049,1.0244383585035777,0.6796875,1,,
,6099,0.7735210757718028,0.75,1,,
,6149,0.8324121787883354,0.765625,1,,
,6199,0.8162743245005502,0.7109375,1,,
,6249,0.9815518733089839,0.640625,1,,
,6299,0.8304921576528973,0.71875,1,,
,6349,1.006836723908832,0.6953125,1,,
,6399,0.8896301263566253,0.7265625,1,,
,6449,0.9835913193579962,0.6484375,1,,
,6499,1.085941221910025,0.59375,1,,
,6549,0.9622050796066921,0.6953125,1,,
,6599,0.9534218829797564,0.734375,1,,
,6649,0.7492022974378559,0.734375,1,,
,6699,0.8968019106666842,0.6875,1,,
,6749,0.8461495730355845,0.734375,1,,
,6799,0.975458132776663,0.6484375,1,,
,6849,1.0120438454603367,0.6640625,1,,
,6899,0.815439578130672,0.7578125,1,,
,6949,0.8971222982062945,0.6953125,1,,
,6999,0.7670527401115534,0.7265625,1,,
,7049,0.9354088390365063,0.6953125,1,,
,7099,0.8741406030457396,0.734375,1,,
,7149,1.0901496341136938,0.6796875,1,,
,7199,0.9409217787864166,0.7109375,1,,
,7249,0.7898279012344983,0.734375,1,,
,7299,0.7822707698786835,0.7109375,1,,
,7349,0.8276671675020417,0.6953125,1,,
,7399,0.8582293397502271,0.6953125,1,,
,7449,0.931047849850037,0.6796875,1,,
,7499,0.7555720679550276,0.75,1,,
,7549,0.9171500563835173,0.6953125,1,,
,7599,0.8335512257027841,0.703125,1,,
,7649,0.8250916992461776,0.7265625,1,,
,7699,0.9200875691111877,0.7109375,1,,
,7749,1.006937936730743,0.65625,1,,
,7799,0.9855879452434907,0.6953125,1,,
,7849,0.8746580181990222,0.703125,1,,
,7899,0.9784192509515749,0.65625,1,,
,7949,0.8547554897665895,0.6875,1,,
,7999,1.1158501146944853,0.6640625,1,,
,8049,0.9323435698688134,0.6328125,1,,
,8099,0.8587934192091486,0.6796875,1,,
,8149,0.9686042759877498,0.6328125,1,,
,8199,0.7047539454197004,0.7890625,1,,
,8249,0.8965143870051987,0.6875,1,,
,8299,1.0169991655595572,0.6796875,1,,
,8349,0.9842663808321086,0.640625,1,,
,8399,1.0055405097573744,0.6640625,1,,
,8449,0.8673539923048283,0.734375,1,,
,8499,0.8995068637086272,0.6953125,1,,
,8549,0.8340844712759863,0.7421875,1,,
,8599,0.8273991898952626,0.6953125,1,,
,8649,0.9138754972521694,0.7109375,1,,
,8699,0.8242726161609266,0.6953125,1,,
,8749,0.8875529820818779,0.734375,1,,
,8799,0.8399714968076075,0.7109375,1,,
,8849,0.6841709303244154,0.7734375,1,,
,8899,0.7861146017478505,0.703125,1,,
,8949,0.9336226773061618,0.703125,1,,
,8999,0.8097286887856475,0.703125,1,,
,9049,0.9950424314104501,0.6953125,1,,
,9099,0.9026791044945822,0.71875,1,,
,9149,0.8646804033473245,0.75,1,,
,9199,0.8183314670924161,0.734375,1,,
,9249,0.7187546805052935,0.7421875,1,,
,9299,0.9233155794572278,0.6953125,1,,
,9349,0.7775308946340035,0.7265625,1,,
,9399,0.9159971843589808,0.671875,1,,
,9449,0.6553143920127601,0.78125,1,,
,9499,0.792484184543027,0.7421875,1,,
,9549,0.7678958264729107,0.7265625,1,,
,9599,0.798238151909036,0.7265625,1,,
,9649,0.6651504922668218,0.796875,1,,
,9699,0.8182029682442101,0.6875,1,,
,9749,1.0104856557143882,0.71875,1,,
,9799,0.8311729730524134,0.6953125,1,,
,9849,0.8820071674144397,0.6875,1,,
,9899,0.9508223490829432,0.7109375,1,,
,9949,0.9810269048433138,0.6875,1,,
,9999,0.9186311675446107,0.6640625,1,,
,10049,0.7652519097707932,0.8046875,1,,
,10099,0.966286856320377,0.703125,1,,
,10149,0.740463290928127,0.734375,1,,
,10199,0.8371976694534872,0.734375,1,,
,10249,1.029739753665838,0.6484375,1,,
,10299,0.9734130614069603,0.703125,1,,
,10349,0.8964391397005729,0.7265625,1,,
,10399,1.0075505141760803,0.671875,1,,
,10449,0.9296043477388508,0.703125,1,,
,10499,0.951060626999473,0.6796875,1,,
,10549,0.7579478625676396,0.7734375,1,,
,10599,0.8053361082581184,0.734375,1,,
,10649,0.8752083015314533,0.703125,1,,
,10699,0.8659947137711347,0.71875,1,,
,10749,0.9077547484449469,0.734375,1,,
,10799,0.7383307233924258,0.6953125,1,,
,10849,0.7867886490140266,0.765625,1,,
,10899,0.8128866813574198,0.7578125,1,,
,10949,0.7325475073482597,0.734375,1,,
,10999,0.8064249416026178,0.765625,1,,
,11049,0.6967993923984833,0.7734375,1,,
,11063,,,1,0.7504092630804,0.7542162600340069
0.0001,11064,,,,,
,11099,0.8809683477950555,0.703125,2,,
,11149,0.7746881376175018,0.7109375,2,,
,11199,0.9138188854998694,0.7265625,2,,
,11249,0.8409818663773958,0.703125,2,,
,11299,0.8455497663314958,0.6953125,2,,
,11349,0.7946378302147314,0.71875,2,,
,11399,0.8529749425776706,0.7109375,2,,
,11449,0.889886765709918,0.7109375,2,,
,11499,0.8789140711141729,0.703125,2,,
,11549,0.7149864732294928,0.75,2,,
,11599,0.7865918965467197,0.734375,2,,
,11649,0.7912042259570272,0.7265625,2,,
,11699,0.7440255310166748,0.75,2,,
,11749,1.065333812932968,0.6171875,2,,
,11799,0.786757360849721,0.765625,2,,
,11849,0.8987433956744387,0.703125,2,,
,11899,0.7576187472159155,0.75,2,,
,11949,0.7617782320414442,0.703125,2,,
,11999,0.852477988025158,0.7109375,2,,
,12049,0.7917311734204211,0.71875,2,,
,12099,0.7285318058033561,0.734375,2,,
,12149,0.8544646627039193,0.7109375,2,,
,12199,0.6867257875011553,0.7890625,2,,
,12249,0.8600163026245742,0.75,2,,
,12299,0.7417517464311572,0.7578125,2,,
,12349,0.78609323342942,0.75,2,,
,12399,0.7496724625787532,0.71875,2,,
,12449,0.7885249658346861,0.734375,2,,
,12499,0.7770129122173334,0.6953125,2,,
,12549,0.8830360517532835,0.7109375,2,,
,12599,0.8035928162602671,0.6953125,2,,
,12649,0.8910834093559556,0.6640625,2,,
,12699,0.8116898484141201,0.7421875,2,,
,12749,0.6875890723508047,0.796875,2,,
,12799,0.8433287822561264,0.6484375,2,,
,12849,0.775724942137846,0.765625,2,,
,12899,0.7836166884479184,0.7421875,2,,
,12949,0.9106856006873204,0.703125,2,,
,12999,0.9250203328451713,0.6796875,2,,
,13049,0.736717563747973,0.78125,2,,
,13099,1.0318247885574083,0.6484375,2,,
,13149,0.6926662536192653,0.78125,2,,
,13199,0.7765270294388175,0.734375,2,,
,13249,0.8900250695564919,0.71875,2,,
,13299,0.6787995243618672,0.796875,2,,
,13349,0.694986247318581,0.7890625,2,,
,13399,0.9029417639428362,0.7578125,2,,
,13449,0.7880097171684259,0.7578125,2,,
,13499,0.7358306012062642,0.7421875,2,,
,13549,0.6754659281294835,0.78125,2,,
,13599,0.7158779149606217,0.75,2,,
,13649,0.7537824058760879,0.7734375,2,,
,13699,0.8366949984106002,0.6953125,2,,
,13749,0.7555261234032042,0.7578125,2,,
,13799,0.780311131675508,0.78125,2,,
,13849,0.6688328738400784,0.796875,2,,
,13899,0.7342428192382483,0.765625,2,,
,13949,0.6122299295119299,0.7578125,2,,
,13999,0.6606812908186931,0.796875,2,,
,14049,0.7977539326263503,0.734375,2,,
,14099,0.6762260025280513,0.78125,2,,
,14149,0.8595036770995154,0.703125,2,,
,14199,0.6502883556079581,0.75,2,,
,14249,0.6784292301476925,0.7734375,2,,
,14299,0.7235284914171926,0.7265625,2,,
,14349,0.8381878927024285,0.7578125,2,,
,14399,0.8974928818962311,0.6640625,2,,
,14449,0.7618419420361465,0.7109375,2,,
,14499,0.7639745544782329,0.75,2,,
,14549,0.8715079201511832,0.671875,2,,
,14599,0.9119953486551102,0.7109375,2,,
,14649,0.7799220205251518,0.75,2,,
,14699,0.7520217216245293,0.734375,2,,
,14749,0.6265365475601882,0.7890625,2,,
,14799,0.6733782171711504,0.7421875,2,,
,14849,0.7680559188767769,0.7421875,2,,
,14899,0.9934186494362183,0.6328125,2,,
,14949,0.6540412529548016,0.78125,2,,
,14999,0.753838118798216,0.75,2,,
,15049,0.8945819351141481,0.703125,2,,
,15099,0.7116811412161774,0.7578125,2,,
,15149,0.7454939447655499,0.765625,2,,
,15199,0.8106881041411957,0.734375,2,,
,15249,0.6996691959274014,0.734375,2,,
,15299,0.8135370621900926,0.71875,2,,
,15349,0.6478502615449148,0.75,2,,
,15399,0.7176648075002954,0.7578125,2,,
,15449,0.7638273848384649,0.734375,2,,
,15499,0.8983978323829641,0.7109375,2,,
,15549,0.7107455806185394,0.7578125,2,,
,15599,0.906036038570876,0.7265625,2,,
,15649,0.852272061048865,0.703125,2,,
,15699,0.7948864994825658,0.6875,2,,
,15749,0.8017053330632423,0.7109375,2,,
,15799,0.6320683158398858,0.8125,2,,
,15849,0.7961237964928167,0.71875,2,,
,15899,0.5590255356598011,0.828125,2,,
,15949,0.8197037089857624,0.703125,2,,
,15999,0.6453443042664287,0.765625,2,,
,16049,0.7713871103994389,0.7109375,2,,
,16099,0.7337427256504298,0.7734375,2,,
,16149,0.782711281497957,0.6953125,2,,
,16199,0.7577298312020658,0.7578125,2,,
,16249,0.7419135353457007,0.7265625,2,,
,16299,0.746810781242416,0.7578125,2,,
,16349,0.7669505178990965,0.734375,2,,
,16399,0.7507287259724956,0.75,2,,
,16449,0.7940562054585639,0.7578125,2,,
,16499,0.8356988953758994,0.7578125,2,,
,16549,0.7971231334075625,0.7578125,2,,
,16595,,,2,0.86511737511451,0.7168877772944758
0.0001,16596,,,,,
,16599,0.7672778745302785,0.75,3,,
,16649,0.8290100836445802,0.765625,3,,
,16699,0.8085586151322622,0.78125,3,,
,16749,0.9090366056057541,0.703125,3,,
,16799,0.9300585042951832,0.6640625,3,,
,16849,0.9364227588581008,0.703125,3,,
,16899,0.8021863935246792,0.7265625,3,,
,16949,0.8668837552138609,0.6953125,3,,
,16999,0.757992395302993,0.7421875,3,,
,17049,0.7034562067431898,0.765625,3,,
,17099,0.6216468483103645,0.7734375,3,,
,17149,0.6349667478995269,0.796875,3,,
,17199,0.9026113574063205,0.71875,3,,
,17249,0.8439523807576487,0.75,3,,
,17299,0.9423129337623054,0.6875,3,,
,17349,0.7837841803277091,0.75,3,,
,17399,0.5883275797449019,0.7890625,3,,
,17449,0.7165969864962586,0.765625,3,,
,17499,0.672402974231419,0.8046875,3,,
,17549,0.70448981667093,0.796875,3,,
,17599,0.7266945878773599,0.71875,3,,
,17649,0.6587783661980579,0.7890625,3,,
,17699,0.7760426488182867,0.765625,3,,
,17749,0.9355519244256969,0.65625,3,,
,17799,0.617780960160538,0.7890625,3,,
,17849,0.8723113705980189,0.75,3,,
,17899,0.641293060288098,0.828125,3,,
,17949,0.7840751917798015,0.734375,3,,
,17999,0.7864001533584858,0.75,3,,
,18049,0.7124784556501824,0.8203125,3,,
,18099,0.7920121808176204,0.7734375,3,,
,18149,0.7876247507978951,0.7265625,3,,
,18199,0.7927158734117719,0.75,3,,
,18249,0.8445293486952231,0.71875,3,,
,18299,0.6598496754801051,0.78125,3,,
,18349,0.569323559228235,0.7890625,3,,
,18399,0.6844696955090711,0.7734375,3,,
,18449,0.7752975746361522,0.7421875,3,,
,18499,0.7581720690576924,0.71875,3,,
,18549,0.7875308475705526,0.71875,3,,
,18599,0.7013010794023926,0.7734375,3,,
,18649,0.792044519607735,0.71875,3,,
,18699,0.6408905010895433,0.78125,3,,
,18749,0.7722630569559735,0.734375,3,,
,18799,0.7192414449156153,0.75,3,,
,18849,0.8296785454518824,0.703125,3,,
,18899,0.637932369962157,0.8125,3,,
,18949,0.6921092228428625,0.78125,3,,
,18999,0.7800147435101208,0.734375,3,,
,19049,0.7571900921481857,0.7734375,3,,
,19099,0.8089719002102358,0.734375,3,,
,19149,0.6425363266162516,0.7734375,3,,
,19199,0.6786893679854803,0.78125,3,,
,19249,0.9294957093794685,0.734375,3,,
,19299,0.8049176204500317,0.7109375,3,,
,19349,0.7259568917349145,0.75,3,,
,19399,0.728352225951163,0.765625,3,,
,19449,0.8794105733726175,0.6796875,3,,
,19499,0.7489171860252984,0.765625,3,,
,19549,0.7116482511156583,0.765625,3,,
,19599,0.8307877007253882,0.6640625,3,,
,19649,0.748446763930095,0.7578125,3,,
,19699,0.5234884961933127,0.8046875,3,,
,19749,0.579779261887919,0.8359375,3,,
,19799,0.7281400354579128,0.7734375,3,,
,19849,0.6833425289775166,0.7421875,3,,
,19899,0.6347624497413077,0.8046875,3,,
,19949,0.7795945905370666,0.7421875,3,,
,19999,0.456559397640594,0.8203125,3,,
,20049,0.5978638969233266,0.7734375,3,,
,20099,0.7348385674606346,0.7734375,3,,
,20149,0.6786488597447898,0.7890625,3,,
,20199,0.698319052515273,0.8046875,3,,
,20249,0.6615123131821091,0.8359375,3,,
,20299,0.6925012838344881,0.7734375,3,,
,20349,0.6287323168178538,0.828125,3,,
,20399,0.8202380628725986,0.7578125,3,,
,20449,0.8006756951484939,0.7578125,3,,
,20499,0.7769995893681201,0.7578125,3,,
,20549,0.6044959217202053,0.765625,3,,
,20599,0.5767288054002088,0.8515625,3,,
,20649,0.8667684897729917,0.75,3,,
,20699,0.7218233673673753,0.765625,3,,
,20749,0.7211291858978872,0.7578125,3,,
,20799,0.6702863944569079,0.7734375,3,,
,20849,0.5676721829315048,0.8359375,3,,
,20899,0.7763792769348862,0.765625,3,,
,20949,0.7113480070754788,0.765625,3,,
,20999,0.6261001821074518,0.7734375,3,,
,21049,0.9399385186312816,0.6796875,3,,
,21099,0.7431965271517592,0.75,3,,
,21149,0.6632978697387,0.7890625,3,,
,21199,0.7343732942669107,0.7734375,3,,
,21249,0.9209875673927984,0.7265625,3,,
,21299,0.6311177489346902,0.8203125,3,,
,21349,0.9015899535278745,0.6953125,3,,
,21399,0.7362497697657303,0.75,3,,
,21449,0.7526771380645924,0.796875,3,,
,21499,0.7785678614121025,0.75,3,,
,21549,0.8818431766455398,0.734375,3,,
,21599,0.7229559241917454,0.765625,3,,
,21649,0.8133479793649165,0.7578125,3,,
,21699,0.7761720902057936,0.765625,3,,
,21749,0.7873528338935004,0.7265625,3,,
,21799,0.6955584077864345,0.7578125,3,,
,21849,0.7422248986197904,0.78125,3,,
,21899,0.8391431606347255,0.6953125,3,,
,21949,0.5440945909219883,0.8359375,3,,
,21999,0.9978890859607046,0.6796875,3,,
,22049,0.7967588748024309,0.734375,3,,
,22099,0.6401972707191127,0.8125,3,,
,22127,,,3,0.9763987131122077,0.689899758788406
0.0001,22128,,,,,
,22149,0.5799657930765115,0.8125,4,,
,22199,0.7470845207076214,0.765625,4,,
,22249,0.5687362175799398,0.84375,4,,
,22299,0.6850540562609185,0.7578125,4,,
,22349,0.6764779031659351,0.765625,4,,
,22399,0.7257074789123105,0.7421875,4,,
,22449,0.7663933084829063,0.703125,4,,
,22499,0.7314051102122383,0.796875,4,,
,22549,0.5663962960412097,0.8359375,4,,
,22599,0.565115379220134,0.796875,4,,
,22649,0.6422746832076194,0.7421875,4,,
,22699,0.7518792136195355,0.7734375,4,,
,22749,0.7272519102151928,0.75,4,,
,22799,0.7189620657320598,0.765625,4,,
,22849,0.7270202904624642,0.7890625,4,,
,22899,0.6208317407689775,0.8046875,4,,
,22949,0.7203351107399625,0.796875,4,,
,22999,0.6548211190955925,0.796875,4,,
,23049,0.6211545458470107,0.8125,4,,
,23099,0.659693853822131,0.75,4,,
,23149,0.7153679303560861,0.8125,4,,
,23199,0.6891407760770255,0.7734375,4,,
,23249,0.6220700230220579,0.7734375,4,,
,23299,0.48532967088224616,0.828125,4,,
,23349,0.7416829524204829,0.7265625,4,,
,23399,0.723074895062616,0.7421875,4,,
,23449,0.743285822350917,0.78125,4,,
,23499,0.7114018138049149,0.71875,4,,
,23549,0.6829847467332587,0.75,4,,
,23599,0.8461977264440087,0.7109375,4,,
,23649,0.6446596336903908,0.84375,4,,
,23699,0.655623144976308,0.796875,4,,
,23749,0.8030115613673927,0.71875,4,,
,23799,0.6990239796159167,0.765625,4,,
,23849,0.7639336489038113,0.7578125,4,,
,23899,0.7004513941220276,0.765625,4,,
,23949,0.7669062358080345,0.765625,4,,
,23999,0.7102875402263341,0.765625,4,,
,24049,0.710737948717807,0.765625,4,,
,24099,0.8002883012948497,0.734375,4,,
,24149,0.7821728205829277,0.7578125,4,,
,24199,0.6590059421248952,0.7734375,4,,
,24249,0.6141267539135005,0.828125,4,,
,24299,0.7456027818990798,0.7890625,4,,
,24349,0.5798983991882911,0.7890625,4,,
,24399,0.722453961989002,0.796875,4,,
,24449,0.8140554908073583,0.7109375,4,,
,24499,0.7624563618453872,0.7421875,4,,
,24549,0.8347569894100075,0.703125,4,,
,24599,0.6818625241616776,0.7578125,4,,
,24649,0.6166776924833611,0.796875,4,,
,24699,0.76806977399363,0.75,4,,
,24749,0.7788655446630672,0.75,4,,
,24799,0.7485898393025471,0.7421875,4,,
,24849,0.7345580773599033,0.75,4,,
,24899,0.6727580737577386,0.765625,4,,
,24949,0.5725485379472841,0.828125,4,,
,24999,0.6314275177236309,0.7890625,4,,
,25049,0.6552102892764838,0.765625,4,,
,25099,0.7577726702695502,0.7734375,4,,
,25149,0.810735095068245,0.7421875,4,,
,25199,1.0098855467410408,0.65625,4,,
,25249,0.5876266127041164,0.78125,4,,
,25299,0.5219178979608089,0.8515625,4,,
,25349,0.7726600376536135,0.7734375,4,,
,25399,0.6360683646408907,0.8046875,4,,
,25449,0.6652644731943714,0.765625,4,,
,25499,0.7924276790111102,0.75,4,,
,25549,0.8712374687899366,0.6875,4,,
,25599,0.797206233245817,0.703125,4,,
,25649,0.6225786937495867,0.7890625,4,,
,25699,0.6058759474493762,0.8125,4,,
,25749,0.6282746245455724,0.796875,4,,
,25799,0.7456238111745485,0.7890625,4,,
,25849,0.6672984309562798,0.75,4,,
,25899,0.6390507112694676,0.78125,4,,
,25949,0.633214414621104,0.78125,4,,
,25999,0.5808929780495814,0.8125,4,,
,26049,0.6937239618452137,0.7734375,4,,
,26099,0.6780731898913405,0.8046875,4,,
,26149,0.6582796582721304,0.71875,4,,
,26199,0.7867170240825181,0.7421875,4,,
,26249,0.8784280836289348,0.6953125,4,,
,26299,0.6107499341362785,0.78125,4,,
,26349,0.5295971143786614,0.8125,4,,
,26399,0.7881819327317399,0.7265625,4,,
,26449,0.5625158610896083,0.84375,4,,
,26499,0.8029015025993098,0.7265625,4,,
,26549,0.5768318220591612,0.796875,4,,
,26599,0.5700319301015452,0.828125,4,,
,26649,0.5652832229018316,0.828125,4,,
,26699,0.7389947353999298,0.75,4,,
,26749,0.7124876359050561,0.75,4,,
,26799,0.8789557343802088,0.671875,4,,
,26849,0.6585707146640375,0.7734375,4,,
,26899,0.6284863734639781,0.7578125,4,,
,26949,0.6691786807880533,0.7734375,4,,
,26999,0.7051776098122433,0.796875,4,,
,27049,0.6873541640652157,0.7578125,4,,
,27099,0.5553726778798131,0.8203125,4,,
,27149,0.6568821846850604,0.7890625,4,,
,27199,0.8200347745405762,0.75,4,,
,27249,0.6774721828203221,0.7421875,4,,
,27299,0.7779072439413319,0.7265625,4,,
,27349,0.48826069321225973,0.8515625,4,,
,27399,0.6534828122090226,0.7734375,4,,
,27449,0.6997908114057987,0.7890625,4,,
,27499,0.8082151586418377,0.7421875,4,,
,27549,0.506173184750691,0.8046875,4,,
,27599,0.6538074422879671,0.75,4,,
,27649,0.6983112315152178,0.765625,4,,
,27659,,,4,1.3250018777435548,0.6215251690646857
0.0001,27660,,,,,
,27699,0.6000659274403769,0.7890625,5,,
,27749,0.7682501922849763,0.7109375,5,,
,27799,0.6053948206430282,0.8046875,5,,
,27849,0.6050116086801576,0.7421875,5,,
,27899,0.6729643581654301,0.7734375,5,,
,27949,0.6284933946266371,0.796875,5,,
,27999,0.5045062601565728,0.828125,5,,
,28049,0.6525971489598899,0.78125,5,,
,28099,0.7956737539563092,0.75,5,,
,28149,0.6880757256058516,0.7734375,5,,
,28199,0.6741712636608985,0.7578125,5,,
,28249,0.6295264339723257,0.796875,5,,
,28299,0.6209209136631877,0.8125,5,,
,28349,0.6196475948559125,0.8125,5,,
,28399,0.6553231468003141,0.7578125,5,,
,28449,0.7497868459824772,0.7421875,5,,
,28499,0.7323574489620023,0.78125,5,,
,28549,0.6853542208727246,0.7578125,5,,
,28599,0.7418713715549089,0.7578125,5,,
,28649,0.6651155226921184,0.796875,5,,
,28699,0.6545915776142872,0.765625,5,,
,28749,0.579923948500257,0.8359375,5,,
,28799,0.6540425775101789,0.75,5,,
,28849,0.7668873165901118,0.7421875,5,,
,28899,0.5469892931044855,0.8359375,5,,
,28949,0.7470768717079158,0.78125,5,,
,28999,0.6172380500773393,0.8046875,5,,
,29049,0.5939483833955042,0.7890625,5,,
,29099,0.7394581219146233,0.75,5,,
,29149,0.7620835081551874,0.7578125,5,,
,29199,0.7133791012314724,0.765625,5,,
,29249,0.6379921750372719,0.78125,5,,
,29299,0.8578878624248342,0.7578125,5,,
,29349,0.5692973298298519,0.8203125,5,,
,29399,0.7295661470351265,0.765625,5,,
,29449,0.5898556850876625,0.8125,5,,
,29499,0.6926400098831417,0.78125,5,,
,29549,0.5782207730489201,0.8203125,5,,
,29599,0.6453317730864099,0.796875,5,,
,29649,0.7512665925229003,0.7421875,5,,
,29699,0.7304725219631937,0.8046875,5,,
,29749,0.6095166549315815,0.7890625,5,,
,29799,0.8261769129088229,0.734375,5,,
,29849,0.8781068612037491,0.71875,5,,
,29899,0.6579996661339266,0.7578125,5,,
,29949,0.8134710944238446,0.78125,5,,
,29999,0.7349119454684439,0.765625,5,,
,30049,0.668637294603997,0.7734375,5,,
,30099,0.7277480542014182,0.75,5,,
,30149,0.5915308501722153,0.8125,5,,
,30199,0.5551096928746071,0.796875,5,,
,30249,0.5836830035209124,0.7890625,5,,
,30299,0.8206161051754587,0.7578125,5,,
,30349,0.5493243971135736,0.8125,5,,
,30399,0.6483828613754431,0.8046875,5,,
,30449,0.7472356593716594,0.765625,5,,
,30499,0.6712360418007558,0.7734375,5,,
,30549,0.7184126127214161,0.7421875,5,,
,30599,0.5597908308555977,0.8359375,5,,
,30649,0.7600578305645994,0.7421875,5,,
,30699,0.5351529240410381,0.84375,5,,
,30749,0.6209079960111963,0.8125,5,,
,30799,0.6977070642407766,0.7734375,5,,
,30849,0.6826263795760856,0.7734375,5,,
,30899,0.6007594377037968,0.828125,5,,
,30949,0.8472087392811323,0.71875,5,,
,30999,0.7884687203693304,0.7421875,5,,
,31049,0.586897001041989,0.8359375,5,,
,31099,0.681423468298576,0.7890625,5,,
,31149,0.6540937300681463,0.7890625,5,,
,31199,0.6040891124787205,0.796875,5,,
,31249,0.5609152832600839,0.84375,5,,
,31299,0.7708814248185826,0.75,5,,
,31349,0.5631390670689901,0.7734375,5,,
,31399,0.5690053607943112,0.8125,5,,
,31449,0.6613653721151457,0.7578125,5,,
,31499,0.7181665368007455,0.78125,5,,
,31549,0.6516284432567483,0.7890625,5,,
,31599,0.8117880090515677,0.6484375,5,,
,31649,0.6843840942330028,0.765625,5,,
,31699,0.547542853655592,0.84375,5,,
,31749,0.6379677073893073,0.8046875,5,,
,31799,0.5312134348398404,0.828125,5,,
,31849,0.6675408023453863,0.7578125,5,,
,31899,0.7531257051756904,0.7578125,5,,
,31949,0.6076090999642579,0.828125,5,,
,31999,0.6038318726061486,0.828125,5,,
,32049,0.627345762539685,0.8125,5,,
,32099,0.4579035418536086,0.8671875,5,,
,32149,0.7361818247606764,0.75,5,,
,32199,0.6657875190208464,0.7890625,5,,
,32249,0.6946320055509593,0.7734375,5,,
,32299,0.6104940493150751,0.8125,5,,
,32349,0.5973510462348087,0.8125,5,,
,32399,0.7936933204544658,0.7734375,5,,
,32449,0.7217759135704758,0.765625,5,,
,32499,0.683900571891127,0.7890625,5,,
,32549,0.45891519425359634,0.875,5,,
,32599,0.6805867822119562,0.75,5,,
,32649,0.7904615488271833,0.7734375,5,,
,32699,0.7068695722803202,0.765625,5,,
,32749,0.5665675415494246,0.8203125,5,,
,32799,0.7572717483309152,0.7421875,5,,
,32849,0.5962419485769186,0.8046875,5,,
,32899,0.5231628126336759,0.8046875,5,,
,32949,0.7610709719450114,0.7734375,5,,
,32999,0.5997275388441572,0.8203125,5,,
,33049,0.884296913222942,0.7265625,5,,
,33099,0.4932582016968968,0.8203125,5,,
,33149,0.5636871051154062,0.8046875,5,,
,33191,,,5,1.8181246188795603,0.5488453477796671
0.0001,33192,,,,,
,33199,0.6130424728995068,0.7890625,6,,
,33249,0.665702730934211,0.796875,6,,
,33299,0.7223824261967535,0.7421875,6,,
,33349,0.6934177195401375,0.7734375,6,,
,33399,0.5812043161708786,0.8515625,6,,
,33449,0.6355793108593064,0.8125,6,,
,33499,0.7997051961081578,0.7265625,6,,
,33549,0.5451729058259485,0.8046875,6,,
,33599,0.6804693430224287,0.7890625,6,,
,33649,0.7045212600103168,0.7734375,6,,
,33699,0.6596554029906354,0.796875,6,,
,33749,0.6284854630444734,0.796875,6,,
,33799,0.5563145142630389,0.8125,6,,
,33849,0.8017318907306852,0.7578125,6,,
,33899,0.6955940530642265,0.8125,6,,
,33949,0.6754002339078441,0.7734375,6,,
,33999,0.8679979254666571,0.7421875,6,,
,34049,0.7639093577465866,0.7578125,6,,
,34099,0.6842441238916687,0.7578125,6,,
,34149,0.5648569834363648,0.8125,6,,
,34199,0.8278939892331776,0.703125,6,,
,34249,0.610215776952384,0.78125,6,,
,34299,0.5166006427764914,0.8046875,6,,
,34349,0.649765568321321,0.796875,6,,
,34399,0.7313277518758575,0.7890625,6,,
,34449,0.6013798820845648,0.8046875,6,,
,34499,0.6914025243971333,0.7421875,6,,
,34549,0.7458609821323674,0.765625,6,,
,34599,0.6868382803498819,0.8125,6,,
,34649,0.6010062312314124,0.7890625,6,,
,34699,0.7533159116301472,0.75,6,,
,34749,0.5486761019934799,0.8359375,6,,
,34799,0.6380278831338788,0.765625,6,,
,34849,0.5811181948794835,0.78125,6,,
,34899,0.6477162743591576,0.8125,6,,
,34949,0.5656441779613944,0.8515625,6,,
,34999,0.7134208909172489,0.8046875,6,,
,35049,0.5991388828689164,0.8203125,6,,
,35099,0.6847322804339384,0.75,6,,
,35149,0.639424684672463,0.8125,6,,
,35199,0.7593111776713618,0.71875,6,,
,35249,0.6574129268877197,0.765625,6,,
,35299,0.5823340750187723,0.78125,6,,
,35349,0.5459336144867114,0.796875,6,,
,35399,0.5278420803942064,0.8359375,6,,
,35449,0.5538751390139771,0.828125,6,,
,35499,0.6498783200041394,0.7734375,6,,
,35549,0.6609567834849833,0.796875,6,,
,35599,0.8297906076276458,0.7421875,6,,
,35649,0.6018615468366831,0.8046875,6,,
,35699,0.7285900110897034,0.71875,6,,
,35749,0.634229315102178,0.765625,6,,
,35799,0.661996779410805,0.8125,6,,
,35849,0.775687148845881,0.7578125,6,,
,35899,0.7261809277144833,0.78125,6,,
,35949,0.6926442473855241,0.75,6,,
,35999,0.7017234957006735,0.78125,6,,
,36049,0.7358703432296112,0.7265625,6,,
,36099,0.5193791497254558,0.8515625,6,,
,36149,0.833996764630048,0.7421875,6,,
,36199,0.7300337672173891,0.7890625,6,,
,36249,0.6467716538821374,0.7734375,6,,
,36299,0.7045665123330748,0.7421875,6,,
,36349,0.5856119658068117,0.7890625,6,,
,36399,0.6422392526362902,0.7734375,6,,
,36449,0.5137886956691372,0.859375,6,,
,36499,0.7861865498625427,0.71875,6,,
,36549,0.6343979705959041,0.796875,6,,
,36599,0.5880061930324225,0.78125,6,,
,36649,0.6765815160251052,0.7578125,6,,
,36699,0.6827926407229873,0.75,6,,
,36749,0.618584063582392,0.78125,6,,
,36799,0.7429462313712094,0.7578125,6,,
,36849,0.5780554458597543,0.8125,6,,
,36899,0.7204722607973105,0.7421875,6,,
,36949,0.6668696861579075,0.7890625,6,,
,36999,0.7390502089950879,0.75,6,,
,37049,0.6600226782753706,0.7890625,6,,
,37099,0.5578981021803923,0.828125,6,,
,37149,0.7359224352530005,0.796875,6,,
,37199,0.553085581827035,0.8046875,6,,
,37249,0.6739428924798115,0.7890625,6,,
,37299,0.6523585106223997,0.78125,6,,
,37349,0.7964198762151428,0.75,6,,
,37399,0.6355343771792168,0.78125,6,,
,37449,0.6527681927808816,0.78125,6,,
,37499,0.6301473380547955,0.7890625,6,,
,37549,0.6118834037914421,0.8046875,6,,
,37599,0.5670323628062036,0.8203125,6,,
,37649,0.5349369973271056,0.828125,6,,
,37699,0.5860172066858823,0.8046875,6,,
,37749,0.45337154142082137,0.875,6,,
,37799,0.5797547271568125,0.796875,6,,
,37849,0.6577312154456098,0.75,6,,
,37899,0.48158397506560363,0.8203125,6,,
,37949,0.5987129648580213,0.796875,6,,
,37999,0.6355934787197932,0.8125,6,,
,38049,0.6318015349081033,0.78125,6,,
,38099,0.6385516892537688,0.796875,6,,
,38149,0.6494216736014747,0.8046875,6,,
,38199,0.5834818490809832,0.8203125,6,,
,38249,0.5723188476422658,0.8125,6,,
,38299,0.6677502662346998,0.78125,6,,
,38349,0.5297526459632839,0.8359375,6,,
,38399,0.5941389922634879,0.8203125,6,,
,38449,0.7199938598267586,0.75,6,,
,38499,0.6288064287520251,0.796875,6,,
,38549,0.6844091513162665,0.78125,6,,
,38599,0.5423425652837045,0.828125,6,,
,38649,0.7846289611331713,0.71875,6,,
,38699,0.5617989062053641,0.8359375,6,,
,38723,,,6,1.3917336129357625,0.628598402467476
0.0001,38724,,,,,
,38749,0.6616061680138426,0.8046875,7,,
,38799,0.6644968007658323,0.7890625,7,,
,38849,0.5923722035422408,0.8046875,7,,
,38899,0.7856164482113136,0.6953125,7,,
,38949,0.7346148644381199,0.7578125,7,,
,38999,0.5129802064392354,0.828125,7,,
,39049,0.5534861536200449,0.796875,7,,
,39099,0.6815314554966769,0.75,7,,
,39149,0.6218316750504037,0.7890625,7,,
,39199,0.6328228717895981,0.796875,7,,
,39249,0.5081344096861886,0.796875,7,,
,39299,0.5339738978604809,0.8125,7,,
,39349,0.72257838682023,0.78125,7,,
,39399,0.6734598555527169,0.78125,7,,
,39449,0.7171725150062438,0.7578125,7,,
,39499,0.7916023098380615,0.703125,7,,
,39549,0.696968377494671,0.7578125,7,,
,39599,0.6694948508284454,0.796875,7,,
,39649,0.5472643903197254,0.8515625,7,,
,39699,0.6647920137572383,0.765625,7,,
,39749,0.6937548003528564,0.765625,7,,
,39799,0.5335303400717742,0.84375,7,,
,39849,0.48004850898653867,0.8359375,7,,
,39899,0.6254961458517279,0.796875,7,,
,39949,0.8096692906706977,0.71875,7,,
,39999,0.5646455897353158,0.7890625,7,,
,40049,0.5659072373140175,0.8125,7,,
,40099,0.6144309573246198,0.796875,7,,
,40149,0.6835910251282968,0.7890625,7,,
,40199,0.554284854516307,0.828125,7,,
,40249,0.6166347347778711,0.8125,7,,
,40299,0.60225000185831,0.8203125,7,,
,40349,0.5775232954296928,0.8125,7,,
,40399,0.4633578286086303,0.84375,7,,
,40449,0.5659296394875495,0.7890625,7,,
,40499,0.6270040965394746,0.7890625,7,,
,40549,0.7699646044332924,0.734375,7,,
,40599,0.5121891540245833,0.8359375,7,,
,40649,0.6562731084011962,0.734375,7,,
,40699,0.7000413965229669,0.7578125,7,,
,40749,0.5714736678573936,0.8125,7,,
,40799,0.7390620049856713,0.796875,7,,
,40849,0.5919645889477161,0.8046875,7,,
,40899,0.6452577107211339,0.8125,7,,
,40949,0.8630106570694959,0.7265625,7,,
,40999,0.6876755416005178,0.765625,7,,
,41049,0.7767736083566208,0.7265625,7,,
,41099,0.7738707897502186,0.765625,7,,
,41149,0.6127352514090679,0.7890625,7,,
,41199,0.7454113965163967,0.7265625,7,,
,41249,0.49700363251724766,0.828125,7,,
,41299,0.7578962119415487,0.7890625,7,,
,41349,0.5999868165536264,0.796875,7,,
,41399,0.5503350292177229,0.796875,7,,
,41449,0.5369564654072927,0.84375,7,,
,41499,0.5853681026102053,0.78125,7,,
,41549,0.4888175279365915,0.8515625,7,,
,41599,0.6758180667821512,0.7421875,7,,
,41649,0.5735124651612002,0.8203125,7,,
,41699,0.6562892203576459,0.78125,7,,
,41749,0.6776151648340006,0.7578125,7,,
,41799,0.7186779446735888,0.7734375,7,,
,41849,0.7122100265246208,0.796875,7,,
,41899,0.7146701695803959,0.7734375,7,,
,41949,0.6409421958332385,0.7734375,7,,
,41999,0.7047543760379552,0.7578125,7,,
,42049,0.5334408713921797,0.828125,7,,
,42099,0.6031377808084311,0.765625,7,,
,42149,0.557702672501491,0.796875,7,,
,42199,0.4861754100537341,0.8515625,7,,
,42249,0.7023039665360659,0.7578125,7,,
,42299,0.7527366070675219,0.7734375,7,,
,42349,0.47595620606779077,0.859375,7,,
,42399,0.6589510573084133,0.7890625,7,,
,42449,0.7194412661021996,0.7578125,7,,
,42499,0.5597102871503687,0.796875,7,,
,42549,0.5627510394587059,0.7890625,7,,
,42599,0.7007309821416137,0.7421875,7,,
,42649,0.7209874075562086,0.78125,7,,
,42699,0.628081647017954,0.78125,7,,
,42749,0.5832893535303509,0.7890625,7,,
,42799,0.5973392245901529,0.7890625,7,,
,42849,0.7841767834031285,0.734375,7,,
,42899,0.7468865627616086,0.765625,7,,
,42949,0.5085998233632809,0.828125,7,,
,42999,0.45043810831687703,0.8828125,7,,
,43049,0.6356911311877819,0.78125,7,,
,43099,0.5722354161630714,0.8359375,7,,
,43149,0.6595868049018058,0.796875,7,,
,43199,0.6980770019914608,0.7890625,7,,
,43249,0.8064685442773417,0.734375,7,,
,43299,0.6458877926933891,0.78125,7,,
,43349,0.633191383355547,0.765625,7,,
,43399,0.5349536469000662,0.78125,7,,
,43449,0.549275990326012,0.8125,7,,
,43499,0.5802839476514636,0.8203125,7,,
,43549,0.6853076015146204,0.7734375,7,,
,43599,0.6071448226856226,0.7890625,7,,
,43649,0.5262175307649766,0.8515625,7,,
,43699,0.5875722491726216,0.8203125,7,,
,43749,0.7702123818963946,0.765625,7,,
,43799,0.5945419679955751,0.796875,7,,
,43849,0.6950873945183541,0.765625,7,,
,43899,0.6926884690188029,0.7734375,7,,
,43949,0.5865286938597686,0.7890625,7,,
,43999,0.6112579561736928,0.8125,7,,
,44049,0.7795821091941179,0.7421875,7,,
,44099,0.6770654360401496,0.75,7,,
,44149,0.49546884696318017,0.8515625,7,,
,44199,0.6406342995324996,0.7890625,7,,
,44249,0.5692718629727439,0.8203125,7,,
,44255,,,7,1.5827767411934732,0.5990994108110246
0.0001,44256,,,,,
,44299,0.6015177527404361,0.796875,8,,
,44349,0.6739979732898965,0.78125,8,,
,44399,0.5319018743685087,0.8046875,8,,
,44449,0.5475631997536743,0.8515625,8,,
,44499,0.6398438656773773,0.796875,8,,
,44549,0.6571782503818672,0.8046875,8,,
,44599,0.80881473271265,0.75,8,,
,44649,0.7225295522457322,0.734375,8,,
,44699,0.7098332561234606,0.765625,8,,
,44749,0.5019261598056531,0.859375,8,,
,44799,0.5511540479486471,0.78125,8,,
,44849,0.7400499043763571,0.7578125,8,,
,44899,0.652298534170006,0.7734375,8,,
,44949,0.6646161707728885,0.7578125,8,,
,44999,0.6354054333210862,0.7890625,8,,
,45049,0.7024785106544519,0.8125,8,,
,45099,0.7326456910130226,0.734375,8,,
,45149,0.6858058974459501,0.7734375,8,,
,45199,0.6917855814428323,0.7734375,8,,
,45249,0.6029635666337194,0.8125,8,,
,45299,0.5676690525918104,0.8359375,8,,
,45349,0.6048678352018585,0.8125,8,,
,45399,0.5739492094767188,0.796875,8,,
,45449,0.48727920307207623,0.859375,8,,
,45499,0.7036676611238237,0.7578125,8,,
,45549,0.5395091272963373,0.84375,8,,
,45599,0.5361900721258573,0.8203125,8,,
,45649,0.7811289864261582,0.7265625,8,,
,45699,0.6419768537476848,0.7734375,8,,
,45749,0.5121574469405508,0.859375,8,,
,45799,0.7300985068525286,0.7578125,8,,
,45849,0.5216548765735783,0.8828125,8,,
,45899,0.6798668103870403,0.7265625,8,,
,45949,0.560148334876243,0.8125,8,,
,45999,0.5238010187669625,0.8203125,8,,
,46049,0.528883023854986,0.8515625,8,,
,46099,0.5889505751041948,0.8203125,8,,
,46149,0.8440222728299994,0.75,8,,
,46199,0.6607515186778997,0.765625,8,,
,46249,0.5709708908766992,0.8203125,8,,
,46299,0.6540959569931503,0.8125,8,,
,46349,0.7674515323778001,0.75,8,,
,46399,0.5844771546062665,0.8125,8,,
,46449,0.6476514699555397,0.7734375,8,,
,46499,0.6291641626357808,0.7890625,8,,
,46549,0.6330042610134411,0.7734375,8,,
,46599,0.5118285645828026,0.828125,8,,
,46649,0.6091016829769642,0.78125,8,,
,46699,0.711467996007404,0.734375,8,,
,46749,0.6240611834811336,0.828125,8,,
,46799,0.6212625336501263,0.8046875,8,,
,46849,0.5648052369569204,0.828125,8,,
,46899,0.7200439790620292,0.7578125,8,,
,46949,0.6486209541399068,0.78125,8,,
,46999,0.5582226646856406,0.8125,8,,
,47049,0.5523589097193592,0.828125,8,,
,47099,0.786590667599626,0.75,8,,
,47149,0.7229130239675496,0.75,8,,
,47199,0.7424326438874789,0.7578125,8,,
,47249,0.5940147278826261,0.8046875,8,,
,47299,0.45821869523650255,0.84375,8,,
,47349,0.5683666116425335,0.8203125,8,,
,47399,0.827241641596383,0.7109375,8,,
,47449,0.6201418992500454,0.7890625,8,,
,47499,0.7880005080771968,0.71875,8,,
,47549,0.5077257370117491,0.8125,8,,
,47599,0.5676894604471865,0.8125,8,,
,47649,0.6186681697162619,0.734375,8,,
,47699,0.651818577156162,0.7734375,8,,
,47749,0.6071840317694606,0.765625,8,,
,47799,0.5426304293836426,0.8359375,8,,
,47849,0.7247517470844824,0.7265625,8,,
,47899,0.5633215093045062,0.8125,8,,
,47949,0.5295407154079778,0.8125,8,,
,47999,0.4861555665077083,0.828125,8,,
,48049,0.6496128792047958,0.7734375,8,,
,48099,0.5570840143985011,0.8203125,8,,
,48149,0.817414023327372,0.71875,8,,
,48199,0.6256128608284125,0.7734375,8,,
,48249,0.6725157326175161,0.7890625,8,,
,48299,0.7111969615486191,0.7421875,8,,
,48349,0.7083754703704169,0.7421875,8,,
,48399,0.5890886476110234,0.8046875,8,,
,48449,0.778935426474418,0.7578125,8,,
,48499,0.6946593809287035,0.765625,8,,
,48549,0.5975350570589473,0.828125,8,,
,48599,0.5114745315028082,0.8125,8,,
,48649,0.6485848982783405,0.78125,8,,
,48699,0.678453028268361,0.7734375,8,,
,48749,0.6132902705515472,0.7578125,8,,
,48799,0.7316272804516808,0.7734375,8,,
,48849,0.5760644199010647,0.8046875,8,,
,48899,0.44891412184198975,0.8359375,8,,
,48949,0.532589085834378,0.8359375,8,,
,48999,0.5949859025005179,0.8203125,8,,
,49049,0.5540026766474329,0.796875,8,,
,49099,0.7258735208964973,0.7734375,8,,
,49149,0.4823920176232517,0.8515625,8,,
,49199,0.7153103969091379,0.7890625,8,,
,49249,0.6496972522594133,0.7890625,8,,
,49299,0.6031611593827492,0.8125,8,,
,49349,0.527866190681903,0.84375,8,,
,49399,0.6491081640996871,0.796875,8,,
,49449,0.5426898582430377,0.8125,8,,
,49499,0.6399408717635998,0.78125,8,,
,49549,0.6799859261065443,0.78125,8,,
,49599,0.55606818403902,0.7890625,8,,
,49649,0.6544657274524908,0.78125,8,,
,49699,0.6061557046739634,0.8046875,8,,
,49749,0.7768411328674641,0.7265625,8,,
,49787,,,8,1.7169913582698562,0.5797827118510024
0.0001,49788,,,,,
,49799,0.6153563696708582,0.796875,9,,
,49849,0.7349637743441285,0.7578125,9,,
,49899,0.6372451276789445,0.796875,9,,
,49949,0.5683157365993965,0.8203125,9,,
,49999,0.5802517616659807,0.8359375,9,,
,50049,0.6570461681285396,0.8046875,9,,
,50099,0.7155213515310994,0.7734375,9,,
,50149,0.6167059210074813,0.7890625,9,,
,50199,0.6249691123979235,0.8203125,9,,
,50249,0.7800009726711267,0.75,9,,
,50299,0.6747411492785003,0.7890625,9,,
,50349,0.5765541180308211,0.8046875,9,,
,50399,0.5573685116276816,0.8125,9,,
,50449,0.6186275655865529,0.8046875,9,,
,50499,0.6956612010148374,0.765625,9,,
,50549,0.5542517904718424,0.8125,9,,
,50599,0.618761049646896,0.7890625,9,,
,50649,0.6785288412784165,0.7734375,9,,
,50699,0.6731316697245447,0.7421875,9,,
,50749,0.5421085227995862,0.8046875,9,,
,50799,0.6087498394645913,0.8046875,9,,
,50849,0.7381024214468038,0.75,9,,
,50899,0.571168698335468,0.8359375,9,,
,50949,0.5961499512640887,0.8046875,9,,
,50999,0.6101936841555542,0.8125,9,,
,51049,0.4653274609003767,0.875,9,,
,51099,0.709897213785862,0.75,9,,
,51149,0.5481828525411967,0.8125,9,,
,51199,0.6196403781516944,0.8203125,9,,
,51249,0.6757649440093207,0.75,9,,
,51299,0.61162772472135,0.7734375,9,,
,51349,0.5283795942986771,0.84375,9,,
,51399,0.7443440309674193,0.7734375,9,,
,51449,0.6600304433829972,0.7890625,9,,
,51499,0.6687246487723449,0.78125,9,,
,51549,0.5479384588955913,0.8125,9,,
,51599,0.6143206833022309,0.765625,9,,
,51649,0.5259139202377792,0.8125,9,,
,51699,0.7128864539950687,0.7578125,9,,
,51749,0.645893764687401,0.7734375,9,,
,51799,0.5487507060471251,0.8359375,9,,
,51849,0.5093598708949767,0.7890625,9,,
,51899,0.7330845895692418,0.7734375,9,,
,51949,0.5836791388606363,0.7890625,9,,
,51999,0.4581100299439301,0.84375,9,,
,52049,0.4820851667965149,0.796875,9,,
,52099,0.7144137887996795,0.796875,9,,
,52149,0.5644527154976624,0.84375,9,,
,52199,0.6461124133302755,0.8046875,9,,
,52249,0.703325065500444,0.7734375,9,,
,52299,0.5465828187199113,0.8046875,9,,
,52349,0.762071154756982,0.765625,9,,
,52399,0.5564008899367328,0.8359375,9,,
,52449,0.6026181321006022,0.765625,9,,
,52499,0.7698841082717978,0.78125,9,,
,52549,0.6040150027595572,0.8125,9,,
,52599,0.6179985575038011,0.78125,9,,
,52649,0.6698494288320325,0.7578125,9,,
,52699,0.5613322059957508,0.8046875,9,,
,52749,0.56151163846989,0.828125,9,,
,52799,0.5773161160655625,0.78125,9,,
,52849,0.5374575708671204,0.84375,9,,
,52899,0.5728751264350801,0.8125,9,,
,52949,0.6673665979306556,0.796875,9,,
,52999,0.5815579377206455,0.796875,9,,
,53049,0.5085536932677209,0.8359375,9,,
,53099,0.5682692859725778,0.8125,9,,
,53149,0.6128244861746049,0.8125,9,,
,53199,0.7693286582933928,0.734375,9,,
,53249,0.576714982405758,0.8203125,9,,
,53299,0.5551162812390852,0.796875,9,,
,53349,0.5571036537561843,0.8359375,9,,
,53399,0.5030483719462427,0.8203125,9,,
,53449,0.5929390198508196,0.7890625,9,,
,53499,0.5527369300138225,0.84375,9,,
,53549,0.4988680922658896,0.84375,9,,
,53599,0.5805389808350447,0.796875,9,,
,53649,0.5058135136403017,0.8515625,9,,
,53699,0.5602831528759286,0.8046875,9,,
,53749,0.4954006794133158,0.8515625,9,,
,53799,0.622586094166329,0.8046875,9,,
,53849,0.563736776969994,0.828125,9,,
,53899,0.5401532328366423,0.8515625,9,,
,53949,0.5230853702458963,0.796875,9,,
,53999,0.5715616690109199,0.8046875,9,,
,54049,0.7764940291802808,0.7265625,9,,
,54099,0.5860407481498334,0.8125,9,,
,54149,0.5765941699749837,0.8359375,9,,
,54199,0.5304156727828482,0.8203125,9,,
,54249,0.49811276363723717,0.8515625,9,,
,54299,0.7316819056376379,0.7578125,9,,
,54349,0.688343978552135,0.7578125,9,,
,54399,0.6145843269299284,0.8203125,9,,
,54449,0.7824392476505422,0.7734375,9,,
,54499,0.5689977418422951,0.7890625,9,,
,54549,0.6160123587169497,0.7734375,9,,
,54599,0.7813962549752707,0.734375,9,,
,54649,0.8348227969406602,0.7421875,9,,
,54699,0.6910131801195589,0.75,9,,
,54749,0.6461022382879484,0.8203125,9,,
,54799,0.6017834819071501,0.828125,9,,
,54849,0.5642561738351369,0.828125,9,,
,54899,0.5653576194667141,0.8203125,9,,
,54949,0.5746629304153212,0.796875,9,,
,54999,0.5955525635815232,0.796875,9,,
,55049,0.5133600647682243,0.8359375,9,,
,55099,0.6385123690104009,0.828125,9,,
,55149,0.7342683235012333,0.7734375,9,,
,55199,0.6731858764948951,0.7578125,9,,
,55249,0.6405259377063485,0.7890625,9,,
,55299,0.4680634276053219,0.859375,9,,
,55319,,,9,1.4603412524319548,0.6149116216536834
0.0001,55320,,,,,
,55349,0.5916491296949623,0.828125,10,,
,55399,0.5572796499763173,0.796875,10,,
,55449,0.5206551592051363,0.859375,10,,
,55499,0.6048548767216267,0.78125,10,,
,55549,0.5623788647995539,0.8046875,10,,
,55599,0.6228229150939181,0.78125,10,,
,55649,0.5565119482131582,0.796875,10,,
,55699,0.658575335575842,0.8046875,10,,
,55749,0.6157037100439253,0.78125,10,,
,55799,0.6446152315055016,0.7890625,10,,
,55849,0.6423472031888576,0.765625,10,,
,55899,0.6319206722828405,0.8046875,10,,
,55949,0.6939986823309527,0.7890625,10,,
,55999,0.7705783890734881,0.7578125,10,,
,56049,0.743915664481276,0.7421875,10,,
,56099,0.62510750730464,0.7734375,10,,
,56149,0.4964378883340789,0.84375,10,,
,56199,0.5230657901857875,0.84375,10,,
,56249,0.5837994071795272,0.8125,10,,
,56299,0.664068721976614,0.78125,10,,
,56349,0.6369729046213624,0.8046875,10,,
,56399,0.5442717593173936,0.828125,10,,
,56449,0.5660126954302214,0.78125,10,,
,56499,0.6475085341304561,0.7890625,10,,
,56549,0.5423357414386883,0.84375,10,,
,56599,0.7227830580434509,0.75,10,,
,56649,0.5662555603509257,0.78125,10,,
,56699,0.5165493537199475,0.828125,10,,
,56749,0.6570201533902416,0.75,10,,
,56799,0.6273082632622564,0.78125,10,,
,56849,0.46550416173583115,0.8671875,10,,
,56899,0.5826471909980594,0.796875,10,,
,56949,0.8372806496515671,0.703125,10,,
,56999,0.6585688610973889,0.7578125,10,,
,57049,0.7511239606952389,0.7734375,10,,
,57099,0.5131028059450409,0.8125,10,,
,57149,0.45518953179202254,0.859375,10,,
,57199,0.4250390211429716,0.8671875,10,,
,57249,0.5233577967115888,0.828125,10,,
,57299,0.5817706351018965,0.8125,10,,
,57349,0.599749740394595,0.78125,10,,
,57399,0.595303686891827,0.7734375,10,,
,57449,0.5743127115410114,0.8125,10,,
,57499,0.6274267777316844,0.8359375,10,,
,57549,0.573760996977719,0.796875,10,,
,57599,0.67013830683692,0.78125,10,,
,57649,0.7585249139060638,0.7421875,10,,
,57699,0.5323251628074088,0.8203125,10,,
,57749,0.5797720853645543,0.8359375,10,,
,57799,0.6782783408334834,0.7890625,10,,
,57849,0.49998535472110384,0.8671875,10,,
,57899,0.7404374250011916,0.75,10,,
,57949,0.612549927101052,0.796875,10,,
,57999,0.4747037260398125,0.859375,10,,
,58049,0.9205810383200854,0.6953125,10,,
,58099,0.4539723464443263,0.859375,10,,
,58149,0.5747483910074209,0.796875,10,,
,58199,0.5348475037072271,0.7890625,10,,
,58249,0.6882315383085381,0.78125,10,,
,58299,0.635047381625176,0.7734375,10,,
,58349,0.5147031569314501,0.8515625,10,,
,58399,0.5293309024223296,0.8203125,10,,
,58449,0.6221826693025909,0.78125,10,,
,58499,0.5809558310135003,0.84375,10,,
,58549,0.6228505675652717,0.796875,10,,
,58599,0.5314446288187027,0.84375,10,,
,58649,0.5379260859394371,0.8203125,10,,
,58699,0.5831981658498502,0.8125,10,,
,58749,0.6502478770554021,0.7734375,10,,
,58799,0.38452691479169565,0.8828125,10,,
,58849,0.655984550674527,0.765625,10,,
,58899,0.5422634028973888,0.828125,10,,
,58949,0.6271006553314876,0.78125,10,,
,58999,0.480966492331109,0.8515625,10,,
,59049,0.5250641105339383,0.8203125,10,,
,59099,0.5560800631232199,0.8203125,10,,
,59149,0.46631654918482207,0.828125,10,,
,59199,0.6923682698720871,0.7578125,10,,
,59249,0.47847069498094214,0.828125,10,,
,59299,0.5578123612623024,0.765625,10,,
,59349,0.40932717782302713,0.875,10,,
,59399,0.5366845079084464,0.8359375,10,,
,59449,0.7115629640437615,0.7890625,10,,
,59499,0.7529731667361005,0.7421875,10,,
,59549,0.5169733396812795,0.828125,10,,
,59599,0.7395456573323044,0.7578125,10,,
,59649,0.4150609683613722,0.875,10,,
,59699,0.6523489256404083,0.78125,10,,
,59749,0.6115344920534648,0.78125,10,,
,59799,0.49606030209550067,0.8515625,10,,
,59849,0.6443486919740445,0.765625,10,,
,59899,0.5670839241404013,0.8125,10,,
,59949,0.6551600095223928,0.7578125,10,,
,59999,0.6559272579410752,0.78125,10,,
,60049,0.5917329547700528,0.796875,10,,
,60099,0.5353565601205562,0.828125,10,,
,60149,0.562182164418397,0.8359375,10,,
,60199,0.6593203913731187,0.78125,10,,
,60249,0.5794656708760764,0.8046875,10,,
,60299,0.6114012979791632,0.7890625,10,,
,60349,0.4941874694181847,0.8359375,10,,
,60399,0.623519637770893,0.7734375,10,,
,60449,0.6707063765844636,0.7890625,10,,
,60499,0.5785009154835069,0.8125,10,,
,60549,0.5837379912296453,0.8046875,10,,
,60599,0.6420415449341247,0.8125,10,,
,60649,0.742403375433188,0.7734375,10,,
,60699,0.7346116391238474,0.765625,10,,
,60749,0.642647773957093,0.796875,10,,
,60799,0.6179864628160296,0.8046875,10,,
,60849,0.5525303332175486,0.8046875,10,,
,60851,,,10,1.6696325730319284,0.5842214006089604
0.0001,60852,,,,,
,60899,0.6744330686896391,0.7890625,11,,
,60949,0.5083698203919739,0.8359375,11,,
,60999,0.5797551685589167,0.8671875,11,,
,61049,0.5700987159696911,0.8046875,11,,
,61099,0.5013969071764578,0.859375,11,,
,61149,0.5542343238164641,0.796875,11,,
,61199,0.5638393091090546,0.828125,11,,
,61249,0.6137541241832813,0.796875,11,,
,61299,0.6335740802402156,0.8046875,11,,
,61349,0.5796485260358237,0.8203125,11,,
,61399,0.5304513203203066,0.8125,11,,
,61449,0.5691807513227236,0.8359375,11,,
,61499,0.4650774095982787,0.8515625,11,,
,61549,0.6858623400135372,0.7578125,11,,
,61599,0.5356320378150616,0.7890625,11,,
,61649,0.6815269094202598,0.7578125,11,,
,61699,0.5482385627184204,0.8203125,11,,
,61749,0.703577757693107,0.765625,11,,
,61799,0.6567611305376777,0.78125,11,,
,61849,0.6170009809427359,0.796875,11,,
,61899,0.6493830282573606,0.7890625,11,,
,61949,0.49324930005496065,0.84375,11,,
,61999,0.687894372268652,0.7734375,11,,
,62049,0.46073508433485066,0.8359375,11,,
,62099,0.656379340754517,0.7578125,11,,
,62149,0.6767157400197109,0.7734375,11,,
,62199,0.6383075602835036,0.7890625,11,,
,62249,0.7469190249271827,0.765625,11,,
,62299,0.5973890796557525,0.8125,11,,
,62349,0.6410647326703971,0.734375,11,,
,62399,0.49907645546821994,0.8359375,11,,
,62449,0.5992385824923417,0.7890625,11,,
,62499,0.519322725082917,0.84375,11,,
,62549,0.4542206196882571,0.8046875,11,,
,62599,0.5886592356120282,0.8203125,11,,
,62649,0.5970892982209944,0.7734375,11,,
,62699,0.5933994275103198,0.78125,11,,
,62749,0.4809772321569034,0.8359375,11,,
,62799,0.576663690220848,0.796875,11,,
,62849,0.6972168152675644,0.7421875,11,,
,62899,0.6093911900316182,0.7734375,11,,
,62949,0.6095771088152562,0.8125,11,,
,62999,0.40738582318624067,0.8671875,11,,
,63049,0.5226852071234552,0.8359375,11,,
,63099,0.6007506217126317,0.78125,11,,
,63149,0.6662300406719113,0.7734375,11,,
,63199,0.7361958917793221,0.7265625,11,,
,63249,0.5886665945528833,0.8359375,11,,
,63299,0.5798102087025118,0.7890625,11,,
,63349,0.5590854014443603,0.8046875,11,,
,63399,0.5515756287458492,0.8359375,11,,
,63449,0.49571711464709606,0.8515625,11,,
,63499,0.46076895650967853,0.828125,11,,
,63549,0.7314383899275659,0.7421875,11,,
,63599,0.4901989575100619,0.859375,11,,
,63649,0.7048872366155295,0.796875,11,,
,63699,0.5069995025941259,0.859375,11,,
,63749,0.5290147582848379,0.8203125,11,,
,63799,0.5997693318511778,0.7890625,11,,
,63849,0.5182235619664789,0.828125,11,,
,63899,0.5496653161964965,0.8359375,11,,
,63949,0.8673480815895316,0.671875,11,,
,63999,0.6011499164780711,0.8046875,11,,
,64049,0.44352864437100425,0.8671875,11,,
,64099,0.5591649636581615,0.8359375,11,,
,64149,0.6844365656396056,0.7578125,11,,
,64199,0.4456021200347904,0.84375,11,,
,64249,0.47191185041685013,0.8203125,11,,
,64299,0.397253469592752,0.8984375,11,,
,64349,0.5435168160943187,0.84375,11,,
,64399,0.5822116518822267,0.765625,11,,
,64449,0.5875581734888228,0.8203125,11,,
,64499,0.43653607555450397,0.8671875,11,,
,64549,0.5311449944433998,0.8125,11,,
,64599,0.6632977585359765,0.7734375,11,,
,64649,0.5263538159340512,0.8125,11,,
,64699,0.45361519696506086,0.875,11,,
,64749,0.6460210855887173,0.78125,11,,
,64799,0.5769231102550713,0.828125,11,,
,64849,0.5428856153662474,0.8125,11,,
,64899,0.44301870523628595,0.859375,11,,
,64949,0.713949820397126,0.765625,11,,
,64999,0.7555186154519298,0.7265625,11,,
,65049,0.7302431921213619,0.75,11,,
,65099,0.6628269221245086,0.78125,11,,
,65149,0.6888556058344533,0.7734375,11,,
,65199,0.5683984196180026,0.8125,11,,
,65249,0.7229364437385359,0.75,11,,
,65299,0.6904319185507425,0.765625,11,,
,65349,0.5381509176368917,0.8203125,11,,
,65399,0.5209809860171207,0.8203125,11,,
,65449,0.5878298888278413,0.8046875,11,,
,65499,0.7389583945760881,0.765625,11,,
,65549,0.6418190536720324,0.7578125,11,,
,65599,0.5254389547470253,0.8125,11,,
,65649,0.4968603034874046,0.828125,11,,
,65699,0.6090388678446328,0.765625,11,,
,65749,0.6667751519874221,0.765625,11,,
,65799,0.43826155528277466,0.875,11,,
,65849,0.8035950741496977,0.7265625,11,,
,65899,0.7535114380194334,0.7890625,11,,
,65949,0.5089791466956415,0.8359375,11,,
,65999,0.6178144157891168,0.765625,11,,
,66049,0.5656467841561414,0.828125,11,,
,66099,0.6548740431694309,0.7421875,11,,
,66149,0.43342395864205924,0.8828125,11,,
,66199,0.5773689034808116,0.7890625,11,,
,66249,0.5657172772178495,0.8359375,11,,
,66299,0.5292471695556172,0.84375,11,,
,66349,0.4899204107268367,0.8359375,11,,
,66383,,,11,1.4088169791464022,0.6288406026335561
0.0001,66384,,,,,
,66399,0.7141636137214992,0.75,12,,
,66449,0.5899470679006933,0.78125,12,,
,66499,0.4787036599577291,0.8515625,12,,
,66549,0.5147225465777083,0.8203125,12,,
,66599,0.5870121590553993,0.7734375,12,,
,66649,0.49750996977708806,0.84375,12,,
,66699,0.5696056790109095,0.8203125,12,,
,66749,0.5996264165358071,0.8125,12,,
,66799,0.7178971797060691,0.765625,12,,
,66849,0.45070663312329207,0.828125,12,,
,66899,0.6145999120743689,0.7890625,12,,
,66949,0.5441505667818551,0.8359375,12,,
,66999,0.5705428398587353,0.8125,12,,
,67049,0.6991968317437601,0.8046875,12,,
,67099,0.6946714195218333,0.78125,12,,
,67149,0.39079926449739444,0.875,12,,
,67199,0.5050204869540603,0.828125,12,,
,67249,0.5651869999711591,0.828125,12,,
,67299,0.5896457171130857,0.8203125,12,,
,67349,0.6513173288404993,0.7578125,12,,
,67399,0.5393422408227336,0.8125,12,,
,67449,0.4336606414756868,0.8515625,12,,
,67499,0.5117932324209707,0.828125,12,,
,67549,0.39730035638197725,0.8984375,12,,
,67599,0.5283219090694067,0.8203125,12,,
,67649,0.58993258007222,0.8203125,12,,
,67699,0.4201786818575146,0.90625,12,,
,67749,0.45111169863105005,0.8828125,12,,
,67799,0.7293755499635377,0.75,12,,
,67849,0.566984907851081,0.8359375,12,,
,67899,0.6504252071934715,0.78125,12,,
,67949,0.4273986756042859,0.8671875,12,,
,67999,0.5311856976823638,0.8203125,12,,
,68049,0.46944584074188983,0.8203125,12,,
,68099,0.5826100515984884,0.796875,12,,
,68149,0.6940658187491853,0.75,12,,
,68199,0.5391807263931282,0.84375,12,,
,68249,0.7086918138032214,0.7578125,12,,
,68299,0.5975417845037669,0.8203125,12,,
,68349,0.5793815839558025,0.7890625,12,,
,68399,0.5872623065029748,0.828125,12,,
,68449,0.3786078633153602,0.8828125,12,,
,68499,0.5043173356090049,0.828125,12,,
,68549,0.5668052095978287,0.8125,12,,
,68599,0.5749710457992708,0.8125,12,,
,68649,0.8089353015889844,0.734375,12,,
,68699,0.6053270742772447,0.8359375,12,,
,68749,0.6063766255611734,0.8125,12,,
,68799,0.5157963207367858,0.8515625,12,,
,68849,0.6359873693212493,0.765625,12,,
,68899,0.6319811749212373,0.8203125,12,,
,68949,0.5612087092835454,0.828125,12,,
,68999,0.6424282144649203,0.78125,12,,
,69049,0.44682537522884774,0.875,12,,
,69099,0.5940270573483009,0.796875,12,,
,69149,0.42660523305216097,0.84375,12,,
,69199,0.6033465165306349,0.8046875,12,,
,69249,0.6337100888869333,0.75,12,,
,69299,0.6034207038296795,0.78125,12,,
,69349,0.50696145587651,0.828125,12,,
,69399,0.6924951705124547,0.7578125,12,,
,69449,0.539568543388664,0.8359375,12,,
,69499,0.5186807923887871,0.8203125,12,,
,69549,0.5142289751145332,0.828125,12,,
,69599,0.7132589954943847,0.7421875,12,,
,69649,0.5670455599330728,0.8125,12,,
,69699,0.7506354263745204,0.7578125,12,,
,69749,0.4905273587121469,0.8359375,12,,
,69799,0.576035174915312,0.7890625,12,,
,69849,0.5817991155868479,0.8203125,12,,
,69899,0.6622009170173523,0.765625,12,,
,69949,0.559394839497491,0.8046875,12,,
,69999,0.593143889680508,0.796875,12,,
,70049,0.4798264032925892,0.84375,12,,
,70099,0.5080923895283909,0.8515625,12,,
,70149,0.6564360892115316,0.796875,12,,
,70199,0.5975475658453704,0.7734375,12,,
,70249,0.6563419884213211,0.734375,12,,
,70299,0.7240133821159249,0.7578125,12,,
,70349,0.5072611467888829,0.859375,12,,
,70399,0.6427429251717462,0.8203125,12,,
,70449,0.5974383492787142,0.796875,12,,
,70499,0.5055399983218947,0.859375,12,,
,70549,0.4425254256330721,0.859375,12,,
,70599,0.6005958985284684,0.8203125,12,,
,70649,0.6616485326756151,0.765625,12,,
,70699,0.45678338510219946,0.8359375,12,,
,70749,0.48639930595971537,0.8203125,12,,
,70799,0.5898991394486998,0.78125,12,,
,70849,0.45414979241178893,0.8515625,12,,
,70899,0.43672501935184793,0.859375,12,,
,70949,0.48128073370686086,0.8515625,12,,
,70999,0.739447316872717,0.78125,12,,
,71049,0.6530421973604397,0.765625,12,,
,71099,0.6532792079729195,0.7890625,12,,
,71149,0.6853168957623471,0.7421875,12,,
,71199,0.5098431556524868,0.828125,12,,
,71249,0.5290212553158588,0.8359375,12,,
,71299,0.6901680237711105,0.78125,12,,
,71349,0.4805715340051566,0.8671875,12,,
,71399,0.5244157283381953,0.84375,12,,
,71449,0.5824447505516331,0.7578125,12,,
,71499,0.6754000152381565,0.7734375,12,,
,71549,0.7119164991199237,0.75,12,,
,71599,0.7666041362420113,0.75,12,,
,71649,0.6765946548177646,0.7734375,12,,
,71699,0.520356065974699,0.78125,12,,
,71749,0.7433524747591644,0.703125,12,,
,71799,0.6340887079354188,0.796875,12,,
,71849,0.5515427840290115,0.8203125,12,,
,71899,0.6498483752535084,0.8046875,12,,
,71915,,,12,1.518628627807821,0.6037308711297402
0.0001,71916,,,,,
,71949,0.4929405189600124,0.84375,13,,
,71999,0.48300887837088646,0.8125,13,,
,72049,0.5954871021860593,0.7890625,13,,
,72099,0.591456959721211,0.8046875,13,,
,72149,0.5167439081330708,0.8125,13,,
,72199,0.41516886262916486,0.8984375,13,,
,72249,0.694819562029648,0.7890625,13,,
,72299,0.4389318494273444,0.859375,13,,
,72349,0.5350840365787392,0.8515625,13,,
,72399,0.4908175139093187,0.8359375,13,,
,72449,0.4981566257940984,0.8515625,13,,
,72499,0.430820741433029,0.875,13,,
,72549,0.5939906811264587,0.8046875,13,,
,72599,0.5651166694297731,0.8125,13,,
,72649,0.6443457324084205,0.7890625,13,,
,72699,0.6494855187397274,0.7734375,13,,
,72749,0.5532053692081467,0.8203125,13,,
,72799,0.5957435502347024,0.8125,13,,
,72849,0.5855246473217148,0.8046875,13,,
,72899,0.6251844995383339,0.796875,13,,
,72949,0.5477211311488751,0.8203125,13,,
,72999,0.6334541038936501,0.7890625,13,,
,73049,0.63704667773877,0.765625,13,,
,73099,0.5506106570595652,0.8046875,13,,
,73149,0.675797905429588,0.78125,13,,
,73199,0.5958316947266017,0.796875,13,,
,73249,0.49201542885162974,0.8203125,13,,
,73299,0.830505913449849,0.7265625,13,,
,73349,0.5540990477735305,0.8203125,13,,
,73399,0.4022334941814568,0.8671875,13,,
,73449,0.6848188101028219,0.765625,13,,
,73499,0.4877365587252781,0.8203125,13,,
,73549,0.5864009473293208,0.8046875,13,,
,73599,0.6379627000342933,0.78125,13,,
,73649,0.5554657548038141,0.7890625,13,,
,73699,0.509655667911913,0.8671875,13,,
,73749,0.5983471670181847,0.78125,13,,
,73799,0.5981458483835365,0.8203125,13,,
,73849,0.6251419315308132,0.796875,13,,
,73899,0.6727980477404808,0.765625,13,,
,73949,0.530581360988796,0.828125,13,,
,73999,0.6712414025355511,0.7578125,13,,
,74049,0.4718881074753808,0.8515625,13,,
,74099,0.5130547924563731,0.8359375,13,,
,74149,0.6953099271383897,0.765625,13,,
,74199,0.6840826911921722,0.765625,13,,
,74249,0.5180403604439334,0.828125,13,,
,74299,0.5804714807202503,0.796875,13,,
,74349,0.391445977501563,0.8828125,13,,
,74399,0.5851408340630384,0.765625,13,,
,74449,0.5060107520366094,0.8203125,13,,
,74499,0.4341914732278601,0.8515625,13,,
,74549,0.7247273835603434,0.7890625,13,,
,74599,0.5499367631984348,0.8125,13,,
,74649,0.6120644542878569,0.7734375,13,,
,74699,0.45698120576173085,0.859375,13,,
,74749,0.5465282932917083,0.8203125,13,,
,74799,0.6812054769317657,0.7734375,13,,
,74849,0.5180333775526079,0.796875,13,,
,74899,0.6320710108380238,0.828125,13,,
,74949,0.5443748113525001,0.8515625,13,,
,74999,0.6405250067731522,0.78125,13,,
,75049,0.4944863895004597,0.7890625,13,,
,75099,0.5100031349988174,0.8359375,13,,
,75149,0.6749975506309628,0.7421875,13,,
,75199,0.5929631533114961,0.8203125,13,,
